{"total_count":67,"total_top_level_count":55,"total_time":"00:00.161","total_run_time":"00:01.636","total_uniq_factories":4,"stats":[{"name":"product","total_count":35,"top_level_count":24,"total_time":0.08592280100000949,"top_level_time":0.06806216200001103,"variations":{}},{"name":"order","total_count":15,"top_level_count":14,"total_time":0.025967942000008293,"top_level_time":0.019323477000007472,"variations":{}},{"name":"order_item","total_count":11,"top_level_count":11,"total_time":0.05253877900000248,"top_level_time":0.05253877900000248,"variations":{}},{"name":"pharmacy","total_count":6,"top_level_count":6,"total_time":0.02199546199999247,"top_level_time":0.02199546199999247,"variations":{}}]}