{"total_count":67,"total_top_level_count":55,"total_time":"00:00.156","total_run_time":"00:01.604","total_uniq_factories":4,"stats":[{"name":"product","total_count":35,"top_level_count":24,"total_time":0.08530495900000545,"top_level_time":0.06770000700001333,"variations":{}},{"name":"order","total_count":15,"top_level_count":14,"total_time":0.02677733000001581,"top_level_time":0.020183694000010632,"variations":{}},{"name":"order_item","total_count":11,"top_level_count":11,"total_time":0.05205410199998539,"top_level_time":0.05205410199998539,"variations":{}},{"name":"pharmacy","total_count":6,"top_level_count":6,"total_time":0.01681935700000281,"top_level_time":0.01681935700000281,"variations":{}}]}