{"total_count":67,"total_top_level_count":55,"total_time":"00:00.166","total_run_time":"00:01.781","total_uniq_factories":4,"stats":[{"name":"product","total_count":35,"top_level_count":24,"total_time":0.08524592400002007,"top_level_time":0.06643269500000315,"variations":{}},{"name":"order","total_count":15,"top_level_count":14,"total_time":0.030708105999984525,"top_level_time":0.02396645099998551,"variations":{}},{"name":"order_item","total_count":11,"top_level_count":11,"total_time":0.0540094760000045,"top_level_time":0.0540094760000045,"variations":{}},{"name":"pharmacy","total_count":6,"top_level_count":6,"total_time":0.021775856999994403,"top_level_time":0.021775856999994403,"variations":{}}]}