{"total_count":67,"total_top_level_count":55,"total_time":"00:00.160","total_run_time":"00:01.584","total_uniq_factories":4,"stats":[{"name":"product","total_count":35,"top_level_count":24,"total_time":0.08308455399998138,"top_level_time":0.06574667599994655,"variations":{}},{"name":"order","total_count":15,"top_level_count":14,"total_time":0.03022010299994804,"top_level_time":0.023888681999949313,"variations":{}},{"name":"order_item","total_count":11,"top_level_count":11,"total_time":0.051253207999991446,"top_level_time":0.051253207999991446,"variations":{}},{"name":"pharmacy","total_count":6,"top_level_count":6,"total_time":0.019468221999972002,"top_level_time":0.019468221999972002,"variations":{}}]}