{"total_count":67,"total_top_level_count":55,"total_time":"00:00.166","total_run_time":"00:01.690","total_uniq_factories":4,"stats":[{"name":"product","total_count":35,"top_level_count":24,"total_time":0.07922046300001995,"top_level_time":0.055053295000000446,"variations":{}},{"name":"order","total_count":15,"top_level_count":14,"total_time":0.03803010200000756,"top_level_time":0.03136504900000858,"variations":{}},{"name":"order_item","total_count":11,"top_level_count":11,"total_time":0.06709264800000625,"top_level_time":0.06709264800000625,"variations":{}},{"name":"pharmacy","total_count":6,"top_level_count":6,"total_time":0.013311354000009601,"top_level_time":0.013311354000009601,"variations":{}}]}