{"total_count":67,"total_top_level_count":55,"total_time":"00:00.183","total_run_time":"00:01.996","total_uniq_factories":4,"stats":[{"name":"product","total_count":35,"top_level_count":24,"total_time":0.07860637000000281,"top_level_time":0.05634286200000105,"variations":{}},{"name":"order","total_count":15,"top_level_count":14,"total_time":0.04563572899997581,"top_level_time":0.03655545299997698,"variations":{}},{"name":"order_item","total_count":11,"top_level_count":11,"total_time":0.07571356599997614,"top_level_time":0.07571356599997614,"variations":{}},{"name":"pharmacy","total_count":6,"top_level_count":6,"total_time":0.01498254300000923,"top_level_time":0.01498254300000923,"variations":{}}]}