{"total_count":67,"total_top_level_count":55,"total_time":"00:00.204","total_run_time":"00:02.383","total_uniq_factories":4,"stats":[{"name":"product","total_count":35,"top_level_count":24,"total_time":0.09158625399997788,"top_level_time":0.06324666699998716,"variations":{}},{"name":"order","total_count":15,"top_level_count":14,"total_time":0.048772972999969966,"top_level_time":0.04146095399997307,"variations":{}},{"name":"order_item","total_count":11,"top_level_count":11,"total_time":0.08462661399998694,"top_level_time":0.08462661399998694,"variations":{}},{"name":"pharmacy","total_count":6,"top_level_count":6,"total_time":0.015422771000018543,"top_level_time":0.015422771000018543,"variations":{}}]}