{"total_count":67,"total_top_level_count":55,"total_time":"00:00.158","total_run_time":"00:01.666","total_uniq_factories":4,"stats":[{"name":"product","total_count":35,"top_level_count":24,"total_time":0.07470495700006552,"top_level_time":0.05394530900002792,"variations":{}},{"name":"order","total_count":15,"top_level_count":14,"total_time":0.03615601299998161,"top_level_time":0.02950925999998333,"variations":{}},{"name":"order_item","total_count":11,"top_level_count":11,"total_time":0.061337383000036994,"top_level_time":0.061337383000036994,"variations":{}},{"name":"pharmacy","total_count":6,"top_level_count":6,"total_time":0.013356363999974974,"top_level_time":0.013356363999974974,"variations":{}}]}