{"total_count":67,"total_top_level_count":55,"total_time":"00:00.155","total_run_time":"00:01.729","total_uniq_factories":4,"stats":[{"name":"product","total_count":35,"top_level_count":24,"total_time":0.07552770199998804,"top_level_time":0.05413198900001248,"variations":{}},{"name":"order","total_count":15,"top_level_count":14,"total_time":0.0320044530000132,"top_level_time":0.025390320000013844,"variations":{}},{"name":"order_item","total_count":11,"top_level_count":11,"total_time":0.06266783199998827,"top_level_time":0.06266783199998827,"variations":{}},{"name":"pharmacy","total_count":6,"top_level_count":6,"total_time":0.013164807999984873,"top_level_time":0.013164807999984873,"variations":{}}]}