{"total_count":67,"total_top_level_count":55,"total_time":"00:00.158","total_run_time":"00:01.745","total_uniq_factories":4,"stats":[{"name":"product","total_count":35,"top_level_count":24,"total_time":0.07683862699999366,"top_level_time":0.05427514399999467,"variations":{}},{"name":"order","total_count":15,"top_level_count":14,"total_time":0.034850696000020776,"top_level_time":0.028060129000024858,"variations":{}},{"name":"order_item","total_count":11,"top_level_count":11,"total_time":0.06255404500002726,"top_level_time":0.06255404500002726,"variations":{}},{"name":"pharmacy","total_count":6,"top_level_count":6,"total_time":0.013323866000007456,"top_level_time":0.013323866000007456,"variations":{}}]}