{"total_count":67,"total_top_level_count":55,"total_time":"00:00.161","total_run_time":"00:01.416","total_uniq_factories":4,"stats":[{"name":"product","total_count":35,"top_level_count":24,"total_time":0.06655991700002772,"top_level_time":0.04624841400002566,"variations":{}},{"name":"order","total_count":15,"top_level_count":14,"total_time":0.03840049200000095,"top_level_time":0.018426112000000217,"variations":{}},{"name":"order_item","total_count":11,"top_level_count":11,"total_time":0.0841012699999979,"top_level_time":0.0841012699999979,"variations":{}},{"name":"pharmacy","total_count":6,"top_level_count":6,"total_time":0.012354675000004534,"top_level_time":0.012354675000004534,"variations":{}}]}