{"total_count":67,"total_top_level_count":55,"total_time":"00:00.175","total_run_time":"00:01.969","total_uniq_factories":4,"stats":[{"name":"product","total_count":35,"top_level_count":24,"total_time":0.07449751399998661,"top_level_time":0.05052875399999124,"variations":{}},{"name":"order","total_count":15,"top_level_count":14,"total_time":0.04534813700000484,"top_level_time":0.022580832000002715,"variations":{}},{"name":"order_item","total_count":11,"top_level_count":11,"total_time":0.08912008500001889,"top_level_time":0.08912008500001889,"variations":{}},{"name":"pharmacy","total_count":6,"top_level_count":6,"total_time":0.01371730799999682,"top_level_time":0.01371730799999682,"variations":{}}]}