{"total_count":67,"total_top_level_count":55,"total_time":"00:00.175","total_run_time":"00:01.810","total_uniq_factories":4,"stats":[{"name":"product","total_count":35,"top_level_count":24,"total_time":0.08427927000001034,"top_level_time":0.06007704400002467,"variations":{}},{"name":"order","total_count":15,"top_level_count":14,"total_time":0.03917748500000329,"top_level_time":0.03170684100000898,"variations":{}},{"name":"order_item","total_count":11,"top_level_count":11,"total_time":0.06932229099999887,"top_level_time":0.06932229099999887,"variations":{}},{"name":"pharmacy","total_count":6,"top_level_count":6,"total_time":0.014885865000003662,"top_level_time":0.014885865000003662,"variations":{}}]}