{"total_count":67,"total_top_level_count":55,"total_time":"00:00.163","total_run_time":"00:01.743","total_uniq_factories":4,"stats":[{"name":"product","total_count":35,"top_level_count":24,"total_time":0.08001983600000528,"top_level_time":0.05636190500000282,"variations":{}},{"name":"order","total_count":15,"top_level_count":14,"total_time":0.03441869799998898,"top_level_time":0.027646255999989933,"variations":{}},{"name":"order_item","total_count":11,"top_level_count":11,"total_time":0.06549476800000775,"top_level_time":0.06549476800000775,"variations":{}},{"name":"pharmacy","total_count":6,"top_level_count":6,"total_time":0.013511429999994107,"top_level_time":0.013511429999994107,"variations":{}}]}