{"total_count":73,"total_top_level_count":61,"total_time":"00:00.179","total_run_time":"00:01.589","total_uniq_factories":4,"stats":[{"name":"product","total_count":38,"top_level_count":27,"total_time":0.0743369159999645,"top_level_time":0.05365708199996533,"variations":{}},{"name":"order","total_count":17,"top_level_count":16,"total_time":0.045827123999998776,"top_level_time":0.024123234999997578,"variations":{}},{"name":"order_item","total_count":11,"top_level_count":11,"total_time":0.08740506799998116,"top_level_time":0.08740506799998116,"variations":{}},{"name":"pharmacy","total_count":7,"top_level_count":7,"total_time":0.01475741299999811,"top_level_time":0.01475741299999811,"variations":{}}]}