{"total_count":67,"total_top_level_count":55,"total_time":"00:00.180","total_run_time":"00:01.424","total_uniq_factories":4,"stats":[{"name":"product","total_count":35,"top_level_count":24,"total_time":0.08631525100000204,"top_level_time":0.06751585200001387,"variations":{}},{"name":"order","total_count":15,"top_level_count":14,"total_time":0.027678850000029342,"top_level_time":0.020715488000035975,"variations":{}},{"name":"order_item","total_count":11,"top_level_count":11,"total_time":0.05584901099999229,"top_level_time":0.05584901099999229,"variations":{}},{"name":"pharmacy","total_count":6,"top_level_count":6,"total_time":0.036435216999990416,"top_level_time":0.036435216999990416,"variations":{}}]}