{"total_count":67,"total_top_level_count":55,"total_time":"00:00.162","total_run_time":"00:01.662","total_uniq_factories":4,"stats":[{"name":"product","total_count":35,"top_level_count":24,"total_time":0.0776150479999913,"top_level_time":0.054375976999992304,"variations":{}},{"name":"order","total_count":15,"top_level_count":14,"total_time":0.03793428599998094,"top_level_time":0.031453981999987946,"variations":{}},{"name":"order_item","total_count":11,"top_level_count":11,"total_time":0.0636563330000044,"top_level_time":0.0636563330000044,"variations":{}},{"name":"pharmacy","total_count":6,"top_level_count":6,"total_time":0.013106111999995562,"top_level_time":0.013106111999995562,"variations":{}}]}