{
  "total_count": 134,
  "total_top_level_count": 110,
  "total_time": "0.0s",
  "total_uniq_factories": 4,
  "stats": [
    {
      "name": "product",
      "total_count": 70,
      "top_level_count": 48,
      "total_time": 0.16924014799985798,
      "top_level_time": 0.10072519799973634
    },
    {
      "name": "order",
      "total_count": 30,
      "top_level_count": 28,
      "total_time": 0.14728136599990194,
      "top_level_time": 0.13019635199992763
    },
    {
      "name": "order_item",
      "total_count": 22,
      "top_level_count": 22,
      "total_time": 0.17873171400003685,
      "top_level_time": 0.17873171400003685
    },
    {
      "name": "pharmacy",
      "total_count": 12,
      "top_level_count": 12,
      "total_time": 0.028546981999966192,
      "top_level_time": 0.028546981999966192
    }
  ]
}