{
  "total_count": 134,
  "total_top_level_count": 110,
  "total_time": "0.0s",
  "total_uniq_factories": 4,
  "stats": [
    {
      "name": "product",
      "total_count": 70,
      "top_level_count": 48,
      "total_time": 0.1612812559999668,
      "top_level_time": 0.11073050199996715
    },
    {
      "name": "order",
      "total_count": 30,
      "top_level_count": 28,
      "total_time": 0.16434052600001792,
      "top_level_time": 0.09503550200003019
    },
    {
      "name": "order_item",
      "total_count": 22,
      "top_level_count": 22,
      "total_time": 0.23663851000003433,
      "top_level_time": 0.23663851000003433
    },
    {
      "name": "pharmacy",
      "total_count": 12,
      "top_level_count": 12,
      "total_time": 0.0599850639999886,
      "top_level_time": 0.0599850639999886
    }
  ]
}