{"total_count":67,"total_top_level_count":55,"total_time":"00:00.161","total_run_time":"00:01.717","total_uniq_factories":4,"stats":[{"name":"product","total_count":35,"top_level_count":24,"total_time":0.07486507799999487,"top_level_time":0.05385376599998892,"variations":{}},{"name":"order","total_count":15,"top_level_count":14,"total_time":0.036315004999998735,"top_level_time":0.029623430000000894,"variations":{}},{"name":"order_item","total_count":11,"top_level_count":11,"total_time":0.06429882800001963,"top_level_time":0.06429882800001963,"variations":{}},{"name":"pharmacy","total_count":6,"top_level_count":6,"total_time":0.013266111000007186,"top_level_time":0.013266111000007186,"variations":{}}]}