{
  "total_count": 134,
  "total_top_level_count": 110,
  "total_time": "0.0s",
  "total_uniq_factories": 4,
  "stats": [
    {
      "name": "product",
      "total_count": 70,
      "top_level_count": 48,
      "total_time": 0.20119703400007438,
      "top_level_time": 0.10117334200000982
    },
    {
      "name": "order",
      "total_count": 30,
      "top_level_count": 28,
      "total_time": 0.11824162999999999,
      "top_level_time": 0.08756076399998847
    },
    {
      "name": "order_item",
      "total_count": 22,
      "top_level_count": 22,
      "total_time": 0.21678539999990676,
      "top_level_time": 0.21678539999990676
    },
    {
      "name": "pharmacy",
      "total_count": 12,
      "top_level_count": 12,
      "total_time": 0.05474911800004634,
      "top_level_time": 0.05474911800004634
    }
  ]
}