{"total_count":67,"total_top_level_count":55,"total_time":"00:00.171","total_run_time":"00:01.709","total_uniq_factories":4,"stats":[{"name":"product","total_count":35,"top_level_count":24,"total_time":0.07008481100000097,"top_level_time":0.0484679500000027,"variations":{}},{"name":"order","total_count":15,"top_level_count":14,"total_time":0.04716617500000808,"top_level_time":0.023112412000003246,"variations":{}},{"name":"order_item","total_count":11,"top_level_count":11,"total_time":0.08714584300000183,"top_level_time":0.08714584300000183,"variations":{}},{"name":"pharmacy","total_count":6,"top_level_count":6,"total_time":0.013158722999996542,"top_level_time":0.013158722999996542,"variations":{}}]}