{"total_count":67,"total_top_level_count":55,"total_time":"00:00.171","total_run_time":"00:01.608","total_uniq_factories":4,"stats":[{"name":"product","total_count":35,"top_level_count":24,"total_time":0.07979220200000015,"top_level_time":0.05715510099998511,"variations":{}},{"name":"order","total_count":15,"top_level_count":14,"total_time":0.038884346999999764,"top_level_time":0.03219304599999617,"variations":{}},{"name":"order_item","total_count":11,"top_level_count":11,"total_time":0.06792967900000235,"top_level_time":0.06792967900000235,"variations":{}},{"name":"pharmacy","total_count":6,"top_level_count":6,"total_time":0.01375125099999508,"top_level_time":0.01375125099999508,"variations":{}}]}