{"total_count":67,"total_top_level_count":55,"total_time":"00:00.157","total_run_time":"00:01.501","total_uniq_factories":4,"stats":[{"name":"product","total_count":35,"top_level_count":24,"total_time":0.08243425799989268,"top_level_time":0.06535971499991433,"variations":{}},{"name":"order","total_count":15,"top_level_count":14,"total_time":0.027525107999935017,"top_level_time":0.021103566999954637,"variations":{}},{"name":"order_item","total_count":11,"top_level_count":11,"total_time":0.051386110999999346,"top_level_time":0.051386110999999346,"variations":{}},{"name":"pharmacy","total_count":6,"top_level_count":6,"total_time":0.01942594300007272,"top_level_time":0.01942594300007272,"variations":{}}]}